accname,accid
itushusu,89B9E84C924C0F0F4FF5A98A8FB191F0
mtrd,3D0A9DB35A402E0122C394052BF806B1
tb&wv,5E3695EC4E41D58747BE3BA5B12CC6B3
pung,DC8F7F79526CB0501E661224D9ABBD30
pung,25FB4C7264E11CEEF976EE661C926460
pukng,C412122CD48E2928CFAC6FFC0D219A52
ifds-cam,6CBC946E9354C8991295F3CA70C68851
pruebacmint,BF327827311AA1F6A054632DFEA96357
pruebacm-i,F8D67CB89C7AD93AC5762D2B14C4C9A6
cror,A17A6995FFDD79C42662EF5D59720D90
crolv2,F3FB6C55115EEBBE9EC9EFF770B5B954
puveli,B24A3E98B8E245826FB0774BB72C47E0
readv,F54B43E21127165C9BF15BB99C0FD512
pukng-ce,E6088C9D0643815BBABBB6EC993637C1
ediaz,5AE34B3D0A889849E54FE1401F503F51
modeasce,8D4E6C892A36FDFED544257C3AC60189
teikce,F9E677807A4846F688AC7D5587C74113
crolce,4550096FF843B950D476DA2DA46EA20C
croloc,2B311D37625FBC08BBB85DA21769F86D
croloc,AAEBD036969F936D4C111969E22C352E
tonlace,1FD56CD0364136486708DFE4A9B067C8
trdaoc,41F98F2E05A17641C3BC439C77E8EADA
noappoc,19B08CBB505D27A3C18E2052EC51CCD3